Date,Open,High,Low,Close,Volume
08/12/2021,930,970,865,865,7068467
09/12/2021,850,850,805,835,4416673
10/12/2021,845,910,830,875,3231109
13/12/2021,885,905,880,895,1097847
14/12/2021,900,900,860,885,876704
15/12/2021,885,890,865,890,761325
16/12/2021,890,920,880,920,664139
17/12/2021,915,915,895,905,310195
20/12/2021,905,910,860,890,407445
21/12/2021,890,905,875,895,865993
22/12/2021,895,915,890,910,508308
23/12/2021,915,920,895,915,418483
24/12/2021,915,915,905,910,324570
27/12/2021,915,935,910,935,726481
28/12/2021,930,940,920,930,641047
29/12/2021,930,935,905,915,428275
30/12/2021,915,925,895,925,426168
03/01/2022,925,925,910,925,312895
04/01/2022,920,930,915,920,290666
05/01/2022,920,920,905,910,270270
06/01/2022,910,920,900,915,285283
07/01/2022,915,925,910,915,223575
10/01/2022,915,920,910,920,173898
11/01/2022,920,920,885,890,395521
12/01/2022,890,915,885,910,302214
13/01/2022,910,920,900,905,158399
14/01/2022,900,920,900,920,256371
17/01/2022,920,920,905,905,167916
18/01/2022,905,920,880,885,369652
19/01/2022,885,905,885,900,240674
20/01/2022,900,910,895,905,239942
21/01/2022,905,905,880,890,403057
24/01/2022,890,895,870,885,330666
25/01/2022,885,885,855,880,493893
26/01/2022,880,890,870,885,227895
27/01/2022,885,895,865,880,260265
28/01/2022,875,890,865,870,345308
31/01/2022,875,875,865,870,226830
02/02/2022,880,880,865,875,292755
03/02/2022,870,890,870,875,229385
04/02/2022,875,880,860,875,262668
07/02/2022,875,885,865,870,215085
08/02/2022,870,870,855,865,307810
09/02/2022,865,865,850,855,289832
10/02/2022,855,860,850,850,348536
11/02/2022,850,850,820,840,506189
14/02/2022,840,840,825,830,226242
15/02/2022,830,835,810,815,412832
16/02/2022,815,825,815,825,364253
17/02/2022,825,870,825,860,490788
18/02/2022,860,865,850,860,291468
21/02/2022,860,865,845,850,238946
22/02/2022,850,850,830,835,235690
23/02/2022,840,840,810,815,515315
24/02/2022,820,820,805,810,453319
25/02/2022,810,820,805,815,172618
01/03/2022,820,820,805,810,454699
02/03/2022,815,815,800,805,343039
04/03/2022,800,805,755,755,750075
07/03/2022,760,760,705,710,802956
08/03/2022,710,715,685,710,572870
09/03/2022,710,715,700,715,320267
10/03/2022,715,725,705,715,501743
11/03/2022,720,745,715,730,905047
14/03/2022,735,740,720,730,300760
15/03/2022,735,735,715,730,401468
16/03/2022,730,730,720,725,351926
17/03/2022,730,785,725,785,569059
18/03/2022,785,785,750,760,411167
21/03/2022,760,765,740,755,252570
22/03/2022,755,760,740,745,418164
23/03/2022,750,750,730,735,424830
24/03/2022,740,755,730,745,471704
25/03/2022,750,750,730,750,350763
28/03/2022,750,755,740,745,347397
29/03/2022,750,765,735,760,406363
30/03/2022,765,805,755,800,495215
31/03/2022,805,805,765,780,317155
01/04/2022,780,780,760,765,524856
04/04/2022,765,765,750,760,195184
05/04/2022,760,765,750,755,179102
06/04/2022,760,765,750,765,224044
07/04/2022,765,790,755,775,441543
08/04/2022,780,785,775,785,193020
11/04/2022,785,785,760,765,254999
12/04/2022,770,770,740,770,246296
13/04/2022,770,785,755,780,300066
14/04/2022,780,795,775,790,234766
18/04/2022,785,825,780,820,436325
19/04/2022,820,835,810,830,405743
20/04/2022,830,835,815,830,325351
21/04/2022,830,835,820,830,286600
22/04/2022,830,840,825,835,222563
25/04/2022,830,835,825,830,236799
26/04/2022,830,845,825,830,405217
27/04/2022,830,835,775,790,685468
28/04/2022,790,820,785,820,318221
09/05/2022,820,820,790,795,360281
10/05/2022,795,800,785,790,244346
11/05/2022,790,795,760,765,230930
12/05/2022,765,765,715,720,515681
13/05/2022,720,725,685,710,571098
17/05/2022,710,745,700,745,407524
18/05/2022,745,760,740,750,238872
19/05/2022,745,750,720,745,321088
20/05/2022,745,800,740,785,689126
23/05/2022,785,785,735,735,426475
24/05/2022,735,745,710,745,328519
25/05/2022,745,750,735,740,651070
27/05/2022,740,750,715,740,720721
30/05/2022,740,740,720,730,303788
31/05/2022,730,740,715,740,630015
02/06/2022,740,765,730,735,498175
03/06/2022,735,780,735,765,335743
06/06/2022,770,785,765,775,510341
07/06/2022,775,800,765,780,322171
08/06/2022,780,800,770,770,510414
09/06/2022,770,810,765,780,525051
10/06/2022,780,785,755,755,328737
13/06/2022,755,795,750,750,587274
14/06/2022,750,810,750,795,752848
15/06/2022,795,805,780,800,471711
16/06/2022,800,840,795,820,627389
17/06/2022,820,825,765,790,2913224
20/06/2022,790,800,760,780,228260
21/06/2022,780,790,765,775,161839
22/06/2022,775,805,775,805,232359
23/06/2022,805,830,790,820,445432
24/06/2022,820,855,815,820,422715
27/06/2022,815,845,805,805,219003
28/06/2022,805,825,800,815,198462
29/06/2022,815,830,810,815,192570
30/06/2022,820,825,810,815,234790
01/07/2022,820,845,815,825,325549
04/07/2022,825,830,820,825,317694
05/07/2022,825,870,820,865,795427
06/07/2022,865,875,855,865,341930
07/07/2022,865,865,855,860,142068
08/07/2022,860,900,860,890,430680
11/07/2022,895,910,890,910,398560
12/07/2022,910,930,910,930,570782
13/07/2022,930,960,925,950,930136
14/07/2022,950,955,930,945,491834
15/07/2022,945,945,915,925,563648
18/07/2022,925,930,875,885,454334
19/07/2022,885,910,870,910,390053
20/07/2022,910,920,900,915,241828
21/07/2022,910,915,890,895,275053
22/07/2022,895,895,855,860,326330
25/07/2022,860,870,850,855,259869
26/07/2022,860,875,850,850,312444
27/07/2022,850,875,850,865,258449
28/07/2022,865,900,860,890,350288
29/07/2022,890,895,840,855,485012
01/08/2022,855,860,835,850,492605
02/08/2022,850,925,850,900,935203
03/08/2022,900,915,890,900,389764
04/08/2022,900,900,875,885,591947
05/08/2022,890,895,850,860,338814
08/08/2022,860,880,855,870,348733
09/08/2022,870,895,860,880,354320
10/08/2022,885,905,875,900,427329
11/08/2022,900,905,885,895,173990
12/08/2022,895,910,890,900,192795
15/08/2022,900,930,890,895,308066
16/08/2022,895,900,880,885,203953
18/08/2022,885,885,865,875,178374
19/08/2022,875,900,875,885,205232
22/08/2022,885,905,880,900,337514
23/08/2022,900,900,890,890,213294
24/08/2022,890,900,885,895,321644
25/08/2022,895,895,845,855,490987
26/08/2022,855,855,805,805,477907
29/08/2022,805,805,775,795,372187
30/08/2022,795,810,790,800,488295
31/08/2022,800,800,775,780,360997
01/09/2022,780,790,775,790,292936
02/09/2022,790,810,785,805,255335
05/09/2022,800,830,800,820,336436
06/09/2022,825,850,820,835,297736
07/09/2022,840,840,815,815,360296
08/09/2022,820,845,815,845,350647
09/09/2022,850,860,835,845,336025
12/09/2022,850,865,840,865,241332
13/09/2022,865,870,805,805,531801
14/09/2022,800,825,780,815,461196
15/09/2022,820,830,810,810,264909
16/09/2022,810,875,800,875,1557802
19/09/2022,875,875,825,845,316203
20/09/2022,845,850,825,835,183019
21/09/2022,835,840,815,825,98332
22/09/2022,820,835,815,830,217098
23/09/2022,830,830,810,825,159749
26/09/2022,825,840,810,820,217031
27/09/2022,820,835,805,805,277010
28/09/2022,805,830,805,810,169600
29/09/2022,815,825,805,825,263302
30/09/2022,820,830,780,795,501284
03/10/2022,800,840,785,825,243842
04/10/2022,825,840,815,830,241735
05/10/2022,825,845,820,835,240517
06/10/2022,835,845,820,820,169742
07/10/2022,820,845,820,840,181602
10/10/2022,840,845,835,840,234154
11/10/2022,840,840,815,825,192390
12/10/2022,825,825,815,820,198390
13/10/2022,820,820,790,795,233460
14/10/2022,795,800,760,770,609685
17/10/2022,770,780,735,780,345384
18/10/2022,785,795,775,790,277947
19/10/2022,790,790,780,785,125677
20/10/2022,785,785,770,775,104459
21/10/2022,775,800,770,780,188975
24/10/2022,780,785,765,765,145415
25/10/2022,765,770,750,755,155830
26/10/2022,750,755,735,750,284071
27/10/2022,745,755,745,750,273331
28/10/2022,750,750,725,730,326272
31/10/2022,730,785,725,785,291277
01/11/2022,785,790,775,785,198302
02/11/2022,785,800,770,790,346089
03/11/2022,790,790,760,775,221330
04/11/2022,770,785,755,785,168839
07/11/2022,785,785,770,785,156020
08/11/2022,780,780,755,760,309693
09/11/2022,755,770,740,740,114499
10/11/2022,745,750,730,730,141364
11/11/2022,735,745,730,735,63588
14/11/2022,735,740,720,725,103471
15/11/2022,730,735,720,720,47402
16/11/2022,720,730,715,725,88637
17/11/2022,730,755,725,750,83581
18/11/2022,755,755,730,740,22654
21/11/2022,740,770,740,760,204038
22/11/2022,760,800,760,790,228592
23/11/2022,790,815,780,800,267913
24/11/2022,805,830,800,820,181044
25/11/2022,830,830,800,805,118882
28/11/2022,815,815,790,800,67191
29/11/2022,800,800,770,800,57528
30/11/2022,800,800,770,770,47547
01/12/2022,770,795,760,760,212260
02/12/2022,765,765,715,720,810700
05/12/2022,720,740,700,725,495136
06/12/2022,725,735,720,725,156150
07/12/2022,725,735,720,725,145548
08/12/2022,725,730,720,730,124596
09/12/2022,730,730,710,720,161158
12/12/2022,725,730,715,725,119048
13/12/2022,725,740,720,735,209824
14/12/2022,740,740,710,715,284663
15/12/2022,715,720,700,710,443627
16/12/2022,710,710,665,665,1710688
19/12/2022,640,660,620,645,455769
20/12/2022,650,650,630,635,38926
21/12/2022,635,655,620,645,81568
22/12/2022,645,655,630,640,20442
23/12/2022,640,645,630,630,153541
26/12/2022,635,640,625,630,78931
27/12/2022,635,640,630,635,121472
28/12/2022,635,655,630,650,212678
29/12/2022,650,660,630,640,229492
30/12/2022,640,645,630,630,100506
02/01/2023,630,635,620,625,124385
03/01/2023,625,630,610,620,559955
04/01/2023,620,630,615,620,175275
05/01/2023,620,625,605,620,89140
06/01/2023,620,625,610,625,74665
09/01/2023,625,625,610,620,14708
10/01/2023,620,625,600,605,76127
11/01/2023,605,605,590,595,150819
12/01/2023,600,640,600,630,134782
13/01/2023,630,640,625,630,34093
16/01/2023,630,660,625,660,110427
17/01/2023,660,680,655,680,75234
18/01/2023,685,685,665,675,41108
19/01/2023,675,675,660,670,20533
20/01/2023,670,680,660,670,56731
24/01/2023,670,675,655,665,10416
25/01/2023,665,670,660,670,9990
26/01/2023,670,680,665,665,36173
27/01/2023,670,675,660,660,37777
30/01/2023,665,665,655,660,13767
31/01/2023,660,660,640,650,43348
01/02/2023,650,660,645,655,58419
02/02/2023,655,680,655,675,82169
03/02/2023,675,685,665,670,12880
06/02/2023,670,670,650,650,91777
07/02/2023,650,660,645,650,30609
08/02/2023,650,660,650,660,30895
09/02/2023,660,670,650,665,30595
10/02/2023,665,670,630,630,66048
13/02/2023,635,650,630,645,22537
14/02/2023,645,660,640,650,184993
15/02/2023,655,655,635,635,232858
16/02/2023,640,650,635,640,216774
17/02/2023,640,655,635,640,200887
20/02/2023,640,640,630,640,202296
21/02/2023,640,650,635,640,198144
22/02/2023,640,645,625,625,121222
23/02/2023,635,635,625,625,37028
24/02/2023,630,630,610,615,120960
27/02/2023,615,625,605,615,52805
28/02/2023,615,635,605,625,77827
01/03/2023,625,625,610,615,59394
02/03/2023,615,620,610,615,27082
03/03/2023,615,620,605,605,81363
06/03/2023,605,610,600,610,63493
07/03/2023,610,615,605,615,27427
08/03/2023,615,620,605,610,39764
09/03/2023,610,620,605,620,43518
10/03/2023,620,620,610,615,7992
13/03/2023,615,615,595,610,19937
14/03/2023,610,615,605,605,37161
15/03/2023,605,615,605,605,15159
16/03/2023,605,605,570,575,134546
17/03/2023,575,590,565,575,105379
20/03/2023,580,580,570,570,23871
21/03/2023,570,575,565,570,30864
24/03/2023,570,605,570,590,209539
27/03/2023,590,595,580,590,5619
28/03/2023,595,610,585,600,77476
29/03/2023,600,605,575,580,93887
30/03/2023,585,590,575,585,42112
31/03/2023,585,600,580,595,14235
03/04/2023,595,605,585,605,17148
04/04/2023,605,605,590,595,171465
05/04/2023,590,605,585,605,25154
06/04/2023,595,625,595,620,42249
10/04/2023,620,635,610,620,59504
11/04/2023,625,625,595,600,39027
12/04/2023,600,605,575,575,157294
13/04/2023,580,590,575,585,66696
14/04/2023,595,595,580,585,37022
17/04/2023,585,590,570,580,67479
18/04/2023,580,580,565,570,55289
26/04/2023,570,620,565,610,167185
27/04/2023,610,635,590,615,152775
28/04/2023,615,620,585,600,75422
02/05/2023,600,600,585,600,133210
03/05/2023,595,625,595,625,64473
04/05/2023,625,630,615,630,72010
05/05/2023,630,635,620,630,157200
08/05/2023,635,650,625,650,302424
09/05/2023,650,655,630,635,122808
10/05/2023,640,680,635,670,167215
11/05/2023,670,675,650,665,55417
12/05/2023,665,730,660,705,310785
15/05/2023,715,730,685,690,226684
16/05/2023,685,695,665,685,102560
17/05/2023,685,695,680,690,34970
19/05/2023,690,715,675,700,171506
22/05/2023,700,705,690,700,30868
23/05/2023,700,725,695,715,132205
24/05/2023,715,715,700,715,33020
25/05/2023,715,715,690,700,40401
26/05/2023,690,700,675,690,46219
29/05/2023,695,700,690,695,43650
30/05/2023,695,700,685,695,29969
31/05/2023,695,695,680,685,39266
05/06/2023,690,730,680,730,166171
06/06/2023,730,735,710,720,88619
07/06/2023,720,760,715,745,207796
08/06/2023,750,750,725,735,47616
09/06/2023,735,740,720,730,55756
12/06/2023,730,740,710,710,88009
13/06/2023,710,715,700,705,52461
14/06/2023,705,710,685,695,59360
15/06/2023,690,700,650,680,99972
16/06/2023,680,685,655,670,112281
19/06/2023,665,720,665,705,87768
20/06/2023,705,715,680,680,61273
21/06/2023,680,685,655,665,68467
22/06/2023,665,670,655,660,38931
23/06/2023,660,680,660,675,85826
26/06/2023,685,685,665,665,93615
27/06/2023,665,670,655,665,59141
03/07/2023,660,670,655,660,69534
04/07/2023,670,670,655,655,27928
05/07/2023,660,660,635,650,154852
06/07/2023,655,660,645,650,57061
07/07/2023,650,665,650,665,64183
10/07/2023,670,670,650,655,89256
11/07/2023,655,665,650,655,57594
12/07/2023,660,660,635,645,111702
13/07/2023,645,650,640,640,27019
14/07/2023,655,655,640,645,54166
17/07/2023,645,645,635,640,209308
18/07/2023,640,640,620,625,108937
20/07/2023,625,630,620,620,94295
21/07/2023,620,625,605,610,65733
24/07/2023,610,635,610,620,62226
25/07/2023,630,630,610,620,126664
26/07/2023,625,625,615,620,27791
27/07/2023,620,620,610,615,37246
28/07/2023,605,620,605,610,38711
31/07/2023,615,625,610,620,67812
01/08/2023,625,625,610,615,17587
02/08/2023,615,620,610,610,35294
03/08/2023,615,625,610,610,117422
04/08/2023,610,620,610,615,105893
07/08/2023,620,640,610,640,116286
08/08/2023,650,650,630,640,115839
09/08/2023,640,645,630,645,85295
10/08/2023,645,650,635,640,50654
11/08/2023,640,645,620,635,47858
14/08/2023,635,640,615,620,43629
15/08/2023,620,630,610,615,27851
16/08/2023,615,615,600,600,139621
18/08/2023,600,615,600,615,28300
21/08/2023,610,620,610,615,16531
22/08/2023,615,625,605,615,21622
23/08/2023,610,615,605,610,19981
24/08/2023,605,620,605,620,56099
25/08/2023,625,625,605,620,81603
28/08/2023,620,620,600,605,96131
29/08/2023,605,605,600,605,29480
30/08/2023,605,605,595,595,121525
31/08/2023,595,605,595,600,61769
01/09/2023,600,605,595,600,51085
04/09/2023,600,605,595,600,27225
05/09/2023,600,600,585,595,89141
06/09/2023,595,600,590,595,38892
07/09/2023,595,595,590,590,18499
08/09/2023,595,595,590,590,115720
11/09/2023,590,600,590,595,72419
12/09/2023,600,600,575,585,127665
13/09/2023,585,595,575,580,276396
14/09/2023,580,580,565,565,240023
15/09/2023,565,600,550,600,355038
18/09/2023,600,600,560,575,219919
19/09/2023,580,585,565,575,251318
20/09/2023,565,580,565,570,82658
21/09/2023,570,575,565,570,53733
22/09/2023,570,575,570,570,57304
25/09/2023,575,575,570,575,33625
26/09/2023,570,575,560,560,121452
27/09/2023,565,570,555,560,113884
29/09/2023,560,570,555,560,31660
02/10/2023,565,565,555,560,33581
03/10/2023,560,560,550,555,29507
04/10/2023,555,555,535,555,62319
05/10/2023,555,570,550,570,135783
06/10/2023,570,575,555,560,44114
09/10/2023,565,565,550,555,40670
10/10/2023,560,560,550,555,78107
11/10/2023,560,560,535,535,202737
12/10/2023,540,545,530,535,72213
13/10/2023,540,540,525,535,90191
16/10/2023,535,540,525,535,63217
17/10/2023,535,540,530,540,25247
18/10/2023,540,540,520,520,115095
19/10/2023,520,525,510,515,222089
20/10/2023,515,515,505,510,144060
23/10/2023,510,510,500,500,133598
24/10/2023,505,515,500,510,389812
25/10/2023,505,510,492,500,288846
26/10/2023,500,500,490,494,181682
27/10/2023,498,498,486,494,156810
30/10/2023,494,498,488,490,130909
31/10/2023,496,520,490,500,272966
01/11/2023,510,525,496,496,315405
02/11/2023,500,505,484,484,386429
03/11/2023,484,490,468,484,476899
06/11/2023,488,515,486,510,184462
07/11/2023,515,530,505,520,259759
08/11/2023,525,525,492,500,214422
09/11/2023,500,500,496,500,85798
10/11/2023,500,500,490,500,78620
13/11/2023,498,510,498,505,100113
14/11/2023,500,505,492,498,81084
15/11/2023,498,498,486,490,165677
16/11/2023,490,490,480,482,135847
17/11/2023,484,484,478,482,90755
20/11/2023,486,490,482,484,45766
21/11/2023,480,488,480,486,129125
22/11/2023,488,488,478,480,121476
23/11/2023,480,484,474,478,81322
24/11/2023,476,478,472,476,127680
27/11/2023,478,505,476,490,205028
28/11/2023,490,492,482,484,57577
29/11/2023,486,490,478,478,83855
30/11/2023,480,486,478,486,75670
01/12/2023,488,490,480,486,29459
04/12/2023,486,494,482,492,112205
05/12/2023,492,492,480,484,95227
06/12/2023,484,484,474,478,338381
07/12/2023,478,486,432,464,582016
08/12/2023,468,480,466,468,258640
11/12/2023,470,476,454,464,223733
12/12/2023,464,470,456,468,132317
13/12/2023,468,474,460,460,53224
14/12/2023,464,466,452,460,127369
15/12/2023,460,460,452,452,138628
18/12/2023,452,456,444,448,202353
19/12/2023,450,452,444,448,144209
20/12/2023,452,452,436,438,249247
21/12/2023,438,468,432,432,706108
22/12/2023,436,440,422,426,648768
27/12/2023,428,520,426,500,2474994
28/12/2023,505,570,494,545,4334785
29/12/2023,550,550,500,500,1847107
02/01/2024,500,515,488,500,846160
03/01/2024,510,510,492,496,613146
04/01/2024,496,500,488,494,280726
05/01/2024,494,510,488,496,760542
08/01/2024,496,510,494,500,388237
09/01/2024,500,505,494,500,273783
10/01/2024,500,530,498,510,646580
11/01/2024,510,520,505,505,242186
12/01/2024,505,545,505,545,451490
15/01/2024,570,570,530,540,312619
16/01/2024,540,550,530,540,204046
17/01/2024,540,555,530,545,637683
18/01/2024,545,560,535,550,408101
19/01/2024,550,560,540,550,149880
22/01/2024,550,560,540,555,187910
23/01/2024,555,590,555,580,576672
24/01/2024,580,595,570,585,458915
25/01/2024,585,585,560,565,617877
26/01/2024,565,575,545,570,330274
29/01/2024,570,575,565,570,118653
30/01/2024,570,570,560,565,199395
31/01/2024,565,585,560,580,267514
01/02/2024,580,610,575,590,475020
02/02/2024,595,595,585,585,118606
05/02/2024,585,585,565,570,185842
06/02/2024,570,575,555,570,246632
07/02/2024,565,570,560,565,190593
12/02/2024,565,575,540,570,350922
13/02/2024,565,570,560,560,71753
15/02/2024,570,585,565,585,228211
16/02/2024,585,595,575,590,174171
19/02/2024,590,590,575,580,62930
20/02/2024,560,580,560,580,425950
21/02/2024,580,585,570,570,155948
22/02/2024,570,600,570,590,215857
23/02/2024,560,600,560,575,92387
26/02/2024,575,580,550,550,367171
27/02/2024,550,555,525,540,429626
28/02/2024,550,575,540,575,308830
29/02/2024,580,590,565,590,301996
01/03/2024,590,590,580,590,96145
04/03/2024,590,590,570,570,236627
05/03/2024,570,580,565,570,191993
06/03/2024,570,580,565,565,93952
07/03/2024,570,575,565,575,63297
08/03/2024,575,580,565,570,117925
13/03/2024,570,575,555,565,135068
14/03/2024,565,570,550,550,412898
15/03/2024,550,570,550,555,1189385
18/03/2024,550,560,545,545,155815
19/03/2024,545,550,535,545,129081
20/03/2024,545,545,520,525,219412
21/03/2024,525,530,520,530,143119
22/03/2024,530,555,520,550,357569
25/03/2024,550,565,535,555,317905
26/03/2024,560,565,550,555,237039
27/03/2024,555,560,545,550,428488
28/03/2024,530,555,525,550,241255
01/04/2024,550,560,540,550,186859
02/04/2024,555,560,545,555,155522
03/04/2024,560,560,545,550,130546
04/04/2024,555,560,545,550,188154
05/04/2024,545,565,545,555,124358
16/04/2024,550,555,525,530,416708
17/04/2024,545,545,525,535,175656
18/04/2024,530,545,530,540,130184
19/04/2024,540,540,525,535,211389
22/04/2024,535,540,525,535,208457
23/04/2024,530,540,525,540,170023
24/04/2024,535,540,530,535,156282
25/04/2024,535,540,530,540,120572
26/04/2024,545,545,510,510,198786
29/04/2024,515,520,505,510,305609
30/04/2024,510,515,505,510,152235
02/05/2024,510,510,498,500,216751
03/05/2024,505,505,488,490,338598
06/05/2024,490,520,490,520,393144
07/05/2024,525,530,510,525,155147
08/05/2024,525,530,505,515,196025
13/05/2024,520,525,498,505,216361
14/05/2024,500,510,492,496,212982
15/05/2024,496,498,492,492,138065
16/05/2024,492,498,490,496,192629
17/05/2024,496,498,490,494,188304
20/05/2024,494,505,494,500,934395
21/05/2024,500,505,496,500,311941
22/05/2024,500,510,498,510,233473
27/05/2024,515,515,500,510,238735
28/05/2024,510,515,500,510,276744
29/05/2024,505,510,500,505,530367
30/05/2024,500,510,494,500,228797
31/05/2024,500,535,494,535,464523
03/06/2024,530,530,498,520,633523
04/06/2024,520,570,510,540,634152
05/06/2024,545,560,525,530,418044
06/06/2024,530,555,525,550,285819
07/06/2024,550,555,540,550,199652
10/06/2024,555,560,535,540,189106
11/06/2024,540,550,515,530,296194
12/06/2024,530,545,525,545,118647
13/06/2024,545,550,530,535,104026
14/06/2024,540,550,535,540,124629
19/06/2024,545,545,525,530,126400
20/06/2024,525,545,520,540,123361
21/06/2024,540,545,520,520,312774
24/06/2024,525,525,500,505,268521
25/06/2024,505,520,500,515,222283
26/06/2024,515,520,505,515,261768
27/06/2024,515,525,515,520,246391
28/06/2024,515,525,505,515,467362
01/07/2024,515,520,510,520,328197
02/07/2024,520,520,515,520,181317
03/07/2024,520,520,510,515,127814
04/07/2024,515,525,510,525,238685
05/07/2024,520,535,515,530,121823
08/07/2024,535,535,510,510,103510
09/07/2024,510,520,505,510,239079
10/07/2024,515,520,510,510,110942
11/07/2024,510,520,510,515,126579
12/07/2024,515,520,510,515,127371
15/07/2024,515,520,510,515,155548
16/07/2024,515,520,500,500,229712
17/07/2024,500,505,500,500,144210
18/07/2024,500,505,494,496,293443
19/07/2024,498,500,494,494,162522
22/07/2024,496,498,486,486,333306
23/07/2024,486,488,480,488,139447
24/07/2024,488,496,484,490,196091
25/07/2024,492,492,472,480,282689
26/07/2024,464,482,464,474,139626
29/07/2024,478,482,470,478,123228
30/07/2024,480,484,476,480,133099
31/07/2024,480,482,476,482,115759
01/08/2024,482,484,472,472,138807
02/08/2024,474,474,462,464,203078
05/08/2024,464,464,446,448,261021
06/08/2024,450,456,444,448,132647
07/08/2024,452,462,444,462,377154
08/08/2024,462,470,460,468,174714
09/08/2024,470,474,464,468,130668
12/08/2024,468,482,466,478,113968
13/08/2024,482,482,476,480,210306
14/08/2024,482,484,478,480,199758
15/08/2024,482,482,470,474,143394
16/08/2024,474,480,472,478,197484
19/08/2024,478,486,476,480,181071
20/08/2024,482,486,478,484,177321
21/08/2024,484,490,480,480,137998
22/08/2024,474,484,472,474,183746
23/08/2024,478,484,476,478,150508
26/08/2024,480,484,476,482,203435
27/08/2024,482,482,478,482,177298
28/08/2024,482,484,476,480,155578
29/08/2024,480,480,472,472,268731
30/08/2024,474,474,466,470,330150
02/09/2024,472,474,466,468,141126
03/09/2024,470,474,468,472,118579
04/09/2024,472,482,466,472,184653
05/09/2024,472,474,470,474,122850
06/09/2024,474,476,468,468,140783
09/09/2024,472,496,470,482,603137
10/09/2024,486,486,472,472,308186
11/09/2024,472,480,470,480,262653
12/09/2024,480,480,472,472,206466
13/09/2024,474,476,470,476,209807
17/09/2024,476,478,470,472,174440
18/09/2024,476,490,474,486,523082
19/09/2024,488,492,484,486,312116
20/09/2024,486,496,470,470,1011528
23/09/2024,472,486,470,484,279520
24/09/2024,484,490,482,484,136331
25/09/2024,484,494,484,492,385649
26/09/2024,492,505,492,500,468597
27/09/2024,505,510,498,510,377258
30/09/2024,510,515,490,498,325393
01/10/2024,498,505,492,498,167137
02/10/2024,498,498,486,490,264614
03/10/2024,488,494,484,490,266686
04/10/2024,490,490,480,482,191640
07/10/2024,482,486,476,484,296158
08/10/2024,484,484,476,476,380624
09/10/2024,466,494,466,488,346243
10/10/2024,490,490,480,480,176828
11/10/2024,480,484,480,484,125842
14/10/2024,484,486,478,480,250407
15/10/2024,482,486,478,478,313081
16/10/2024,478,488,478,486,240171
17/10/2024,486,510,484,510,586433
18/10/2024,510,515,500,505,167872
21/10/2024,505,505,494,498,258329
22/10/2024,498,498,482,486,439414
23/10/2024,486,486,478,486,283252
24/10/2024,482,488,478,478,354596
25/10/2024,480,484,476,480,244956
28/10/2024,480,482,478,482,144388
29/10/2024,482,486,478,482,182923
30/10/2024,482,482,474,476,235974
31/10/2024,476,480,474,478,233754
01/11/2024,480,486,478,482,165040
04/11/2024,482,484,476,480,222299
05/11/2024,480,482,474,476,307699
06/11/2024,476,492,476,484,333236
07/11/2024,500,520,490,505,1532700
08/11/2024,510,510,486,488,727878
11/11/2024,490,490,482,484,290047
12/11/2024,484,488,478,482,466043
13/11/2024,476,480,464,468,455044
14/11/2024,468,474,464,466,318854
15/11/2024,466,470,456,464,361660
18/11/2024,466,468,454,456,409458
19/11/2024,456,458,444,444,716408
20/11/2024,450,462,446,450,602468
21/11/2024,450,458,444,446,1551546
22/11/2024,448,460,444,456,525212
25/11/2024,460,474,446,446,3467841
26/11/2024,446,446,406,420,2956780
28/11/2024,422,426,416,420,578127
29/11/2024,418,422,410,420,534496
02/12/2024,422,422,414,414,407861
03/12/2024,414,422,410,414,756154
04/12/2024,414,420,410,414,1167388
05/12/2024,414,416,406,406,798397
06/12/2024,408,410,404,410,369962
09/12/2024,410,414,408,408,419708
10/12/2024,408,410,406,408,411906
11/12/2024,408,410,402,402,585835
12/12/2024,402,404,398,404,333424
13/12/2024,402,404,396,400,411269
16/12/2024,400,400,382,386,1219391
17/12/2024,386,396,378,378,1721248
18/12/2024,378,386,368,374,787901
19/12/2024,368,370,358,368,1054955
20/12/2024,368,376,364,370,608385
23/12/2024,378,378,368,374,392404
24/12/2024,374,382,374,380,309487
27/12/2024,382,410,380,410,790271
30/12/2024,412,412,394,400,413650
02/01/2025,402,412,398,412,176020
03/01/2025,410,416,406,416,188329
06/01/2025,416,420,410,420,219445
07/01/2025,420,432,418,432,451905
08/01/2025,432,432,424,430,251084
09/01/2025,428,430,418,428,216884
10/01/2025,426,426,418,422,189344
13/01/2025,422,422,398,398,462656
14/01/2025,398,408,394,408,189355
15/01/2025,406,408,396,404,295464
16/01/2025,404,414,400,414,137870
17/01/2025,414,426,410,426,166959
20/01/2025,426,428,420,428,160220
21/01/2025,430,430,414,426,186965
22/01/2025,426,426,416,426,206223
23/01/2025,426,426,416,418,243436
24/01/2025,418,418,412,418,212724
30/01/2025,416,416,406,412,273545
31/01/2025,408,412,408,410,189474
03/02/2025,410,414,402,414,304981
04/02/2025,414,418,408,416,160123
05/02/2025,418,418,408,408,199151
06/02/2025,410,410,400,408,184565
07/02/2025,408,408,396,408,232454
10/02/2025,408,408,398,398,243271
11/02/2025,398,398,378,378,219207
12/02/2025,372,384,372,374,195442
13/02/2025,378,388,370,380,154258
14/02/2025,384,386,370,372,279455
17/02/2025,376,378,370,370,297070
18/02/2025,372,376,366,370,355692
19/02/2025,368,378,368,372,358950
20/02/2025,376,380,370,372,166923
21/02/2025,372,374,366,374,188049
24/02/2025,374,374,362,364,243192
25/02/2025,364,364,342,342,330770
26/02/2025,342,348,336,346,150307
27/02/2025,350,356,344,354,306973
28/02/2025,356,364,336,364,860184
03/03/2025,366,372,358,370,381034
04/03/2025,368,374,362,368,226375
05/03/2025,372,386,370,380,327297
06/03/2025,382,402,382,390,272813
07/03/2025,390,404,386,400,308878
10/03/2025,402,404,394,404,228362
11/03/2025,400,404,392,400,255831
12/03/2025,396,408,396,406,191698
13/03/2025,408,412,402,408,158135
14/03/2025,410,412,406,410,164252
17/03/2025,410,412,404,410,69884
18/03/2025,408,410,390,406,192589
19/03/2025,406,410,402,410,127045
20/03/2025,410,418,408,414,120349
21/03/2025,414,414,400,404,338720
24/03/2025,402,402,388,402,125911
25/03/2025,402,408,392,392,83683
26/03/2025,398,404,398,400,58104
27/03/2025,402,412,402,406,77180
08/04/2025,382,392,372,392,174157
09/04/2025,382,388,378,380,80771
10/04/2025,388,396,386,396,176813
11/04/2025,396,400,390,400,217336
14/04/2025,406,406,396,400,210906
15/04/2025,404,418,404,404,263399
16/04/2025,408,410,396,398,208728
17/04/2025,398,402,394,394,125006
21/04/2025,394,402,394,402,328685
22/04/2025,392,412,392,402,207296
23/04/2025,404,412,402,412,82719
24/04/2025,412,414,406,408,92221
25/04/2025,408,412,406,410,80533
28/04/2025,410,428,410,416,172590
29/04/2025,418,420,412,416,78599
30/04/2025,420,422,416,416,130456
02/05/2025,420,456,420,442,765786
05/05/2025,450,460,450,460,366338
06/05/2025,460,462,450,450,192858
07/05/2025,454,458,446,458,226066
08/05/2025,458,458,450,450,257114
09/05/2025,450,456,446,456,76857
14/05/2025,456,466,450,456,245152
15/05/2025,458,460,454,456,240512
16/05/2025,464,464,450,452,99056
19/05/2025,454,458,452,456,162268
20/05/2025,454,460,448,450,187093
21/05/2025,450,454,444,448,204475
22/05/2025,448,450,434,440,279824
23/05/2025,444,482,444,456,818694
26/05/2025,458,460,444,450,303054
27/05/2025,450,450,440,446,298965
28/05/2025,444,472,440,472,308829
02/06/2025,470,470,440,450,299414
03/06/2025,450,456,446,452,103327
04/06/2025,458,462,448,458,207591
05/06/2025,458,462,448,452,121700
10/06/2025,450,452,448,450,127700
11/06/2025,450,454,448,454,170799
12/06/2025,450,452,446,450,206742
13/06/2025,450,450,446,450,149410
16/06/2025,448,450,438,442,93220
17/06/2025,442,444,438,440,65371
18/06/2025,442,444,440,440,33607
19/06/2025,442,442,432,438,178412
20/06/2025,440,440,428,428,1748139
23/06/2025,432,434,422,430,266594
24/06/2025,430,440,424,432,163260
25/06/2025,436,438,416,424,385456
26/06/2025,424,424,418,420,891603
30/06/2025,420,422,416,420,227812
01/07/2025,420,450,420,450,482450
02/07/2025,452,452,442,450,113822
03/07/2025,450,450,440,442,76295
04/07/2025,442,446,436,442,22816
07/07/2025,438,444,432,434,55862
08/07/2025,434,440,430,440,99418
09/07/2025,440,448,436,442,94570
10/07/2025,448,448,440,442,38048
11/07/2025,442,448,438,438,84311
14/07/2025,438,444,434,444,114566
15/07/2025,444,446,434,444,122712
16/07/2025,446,452,440,444,73026
17/07/2025,450,476,442,456,881541
18/07/2025,456,458,450,454,174318
21/07/2025,458,462,452,454,268292
22/07/2025,456,462,454,458,351021
23/07/2025,462,464,458,462,303512
24/07/2025,462,462,456,458,180670
25/07/2025,460,460,452,458,93598
28/07/2025,458,464,454,460,292428
29/07/2025,462,472,462,468,506564
30/07/2025,468,470,456,460,125212
31/07/2025,460,464,450,456,325752
01/08/2025,456,460,452,452,51765
04/08/2025,452,454,434,436,150181
05/08/2025,436,442,424,432,312096
06/08/2025,424,436,420,430,660880
07/08/2025,432,436,426,430,297356
08/08/2025,430,436,428,432,454947
11/08/2025,434,436,428,428,207575
12/08/2025,428,434,424,424,176136
13/08/2025,432,432,426,426,75169
14/08/2025,428,430,424,424,100187
15/08/2025,428,428,422,424,104210
19/08/2025,424,428,422,424,99068
20/08/2025,424,428,422,422,177800
21/08/2025,426,428,422,424,143660
22/08/2025,428,428,422,426,149723
25/08/2025,430,430,424,424,209136
26/08/2025,424,426,420,424,151141
27/08/2025,424,426,422,426,43491
28/08/2025,426,428,422,424,69924
29/08/2025,424,426,420,422,203532
01/09/2025,410,442,402,426,268379
02/09/2025,426,430,422,426,300813
03/09/2025,428,432,426,430,237835
04/09/2025,430,430,424,424,32527
08/09/2025,426,430,424,424,49724
09/09/2025,428,428,422,426,77302
10/09/2025,426,432,424,426,69998
11/09/2025,432,432,424,424,67914
12/09/2025,426,428,422,424,78767
15/09/2025,424,426,420,422,159002
16/09/2025,422,424,418,420,151676
17/09/2025,420,422,418,420,64027
18/09/2025,422,422,410,410,192905
19/09/2025,406,412,402,402,278048
22/09/2025,406,410,404,406,49753
23/09/2025,410,410,400,402,112077
24/09/2025,402,410,402,406,91616
25/09/2025,404,406,400,402,63652
26/09/2025,406,426,398,414,597005
29/09/2025,418,418,406,408,97568
30/09/2025,410,412,408,408,66660
01/10/2025,410,410,402,404,60698
02/10/2025,406,408,402,406,52914
03/10/2025,408,408,404,408,53830
06/10/2025,408,410,402,402,83038
07/10/2025,404,420,402,418,196207
08/10/2025,418,426,414,422,495925
09/10/2025,422,426,418,424,268739
10/10/2025,426,430,422,428,282187
13/10/2025,422,430,418,428,269595
14/10/2025,430,436,418,430,325234
15/10/2025,424,446,422,446,2016990
16/10/2025,446,474,432,434,322297
17/10/2025,434,438,422,424,126676
20/10/2025,424,428,416,418,97698
21/10/2025,426,428,422,424,90593
22/10/2025,426,426,416,416,119773
23/10/2025,414,420,414,416,126193
24/10/2025,420,430,416,416,77700
27/10/2025,416,420,412,416,140585
28/10/2025,418,418,412,412,93632
29/10/2025,412,414,410,412,83608
30/10/2025,412,416,410,412,93972
31/10/2025,416,418,412,414,71823
03/11/2025,414,418,412,416,168868
04/11/2025,416,424,416,420,375748
05/11/2025,422,458,420,458,1383524
06/11/2025,458,474,448,468,1100524
07/11/2025,468,474,458,460,292954
10/11/2025,470,470,456,460,248778
11/11/2025,466,466,456,462,337317
12/11/2025,458,458,444,452,164659
13/11/2025,454,458,446,448,123101
14/11/2025,446,450,442,444,78083
17/11/2025,448,450,442,448,89347
18/11/2025,454,454,444,444,123536
19/11/2025,444,448,440,446,105975
20/11/2025,446,458,446,454,323885
21/11/2025,454,456,450,450,51493
24/11/2025,450,468,450,466,205488
25/11/2025,470,470,460,466,127336
26/11/2025,464,464,458,464,108478
27/11/2025,464,466,460,464,107010
28/11/2025,464,464,460,460,89263
01/12/2025,460,464,460,460,165436
02/12/2025,460,484,460,476,420583
03/12/2025,478,478,468,468,192641
04/12/2025,468,470,460,460,111923
05/12/2025,460,464,460,464,81518
08/12/2025,468,474,464,472,165395
09/12/2025,472,490,472,482,608512
10/12/2025,488,492,478,480,221064
11/12/2025,480,484,462,476,124308
12/12/2025,480,482,468,478,156525
15/12/2025,482,484,468,472,216357
16/12/2025,472,474,462,464,219183
17/12/2025,464,464,454,458,240018
18/12/2025,452,464,452,456,115142
19/12/2025,464,464,452,452,147090
22/12/2025,454,464,454,462,89481
23/12/2025,464,464,454,462,99414
24/12/2025,464,486,462,480,852447
29/12/2025,484,496,476,496,161124
30/12/2025,500,505,488,505,412106
02/01/2026,505,530,500,520,511538
05/01/2026,525,525,492,505,288848
06/01/2026,500,505,490,498,235674
07/01/2026,500,505,494,496,149354
08/01/2026,500,510,498,498,178367
09/01/2026,500,505,492,494,83159
12/01/2026,500,505,482,496,84707
13/01/2026,496,498,486,494,81853
14/01/2026,498,498,476,480,173083
15/01/2026,480,486,476,484,52580
19/01/2026,484,500,484,492,148465
20/01/2026,498,510,492,498,150454
21/01/2026,500,500,486,494,96500
22/01/2026,496,500,490,494,109008
23/01/2026,500,500,484,492,74068
26/01/2026,498,498,484,484,56985
27/01/2026,480,492,476,488,127517
28/01/2026,484,484,442,460,204331
29/01/2026,456,456,394,424,208432
30/01/2026,430,440,426,432,263214
02/02/2026,436,460,434,440,131784
03/02/2026,440,450,440,444,68470
04/02/2026,450,460,446,450,97970
05/02/2026,450,466,450,458,90706
06/02/2026,462,468,452,464,68876
09/02/2026,468,468,448,452,84506
10/02/2026,454,454,448,452,51839
11/02/2026,452,452,444,448,59361
12/02/2026,448,450,434,450,161644
13/02/2026,442,444,434,436,80996
18/02/2026,440,442,436,438,49692
19/02/2026,438,442,430,434,116776
20/02/2026,434,436,426,426,102796
23/02/2026,430,432,424,430,73567
24/02/2026,430,440,426,436,74793
25/02/2026,438,452,438,438,130715
26/02/2026,442,450,434,448,170954
27/02/2026,450,452,440,440,130210
02/03/2026,436,436,420,426,90128
03/03/2026,426,434,418,426,107703
04/03/2026,422,430,400,412,167745
05/03/2026,410,420,408,414,108401
06/03/2026,414,422,410,422,135892
09/03/2026,420,420,400,406,179439
10/03/2026,406,416,404,416,74695
11/03/2026,416,420,406,416,101638
12/03/2026,414,414,394,394,114605
13/03/2026,394,396,384,388,120647
16/03/2026,388,388,378,386,106046
17/03/2026,388,392,384,390,92984
25/03/2026,390,398,390,396,118713
26/03/2026,394,400,386,390,106103
27/03/2026,390,390,378,380,163289
30/03/2026,378,380,366,370,145049
31/03/2026,370,376,360,366,159813
01/04/2026,368,372,364,366,171121
02/04/2026,368,380,366,372,427418
06/04/2026,372,378,368,372,113677
07/04/2026,374,376,362,364,300997
08/04/2026,368,380,364,378,336159
09/04/2026,378,382,374,380,224154
10/04/2026,382,386,376,380,344119
13/04/2026,382,382,372,376,501593
14/04/2026,376,382,372,378,370843
15/04/2026,380,382,372,372,500340
16/04/2026,370,376,364,366,452858
17/04/2026,370,374,362,372,388168
20/04/2026,364,376,362,376,332301
21/04/2026,376,394,372,390,363144
22/04/2026,392,400,386,392,229984
23/04/2026,392,394,386,394,150462
24/04/2026,394,394,386,394,132790
27/04/2026,394,394,384,390,273150
28/04/2026,388,394,378,388,182633
29/04/2026,390,404,388,392,364116
30/04/2026,392,394,382,386,257135
04/05/2026,386,396,384,392,137539
05/05/2026,392,396,388,390,104524
06/05/2026,390,392,382,390,385436
